Workbook

Sheet Ringkasan
A1: RINGKASAN - BI JAMPURNAS 2026 (INTERNAL, bukan untuk klien)
A3: Harga diajukan ke BI | B3: =Asumsi!$B$3 -> 15000000
A4: Status pajak | B4: =Asumsi!$B$4 -> Non-PKP
A5: Diterima setelah pajak (PPh 23) | B5: =RAB!$B$17 -> 14700000
A6: Jumlah biaya | B6: =RAB!$G$9 -> 7400000
A7: PROFIT NETT (setelah pajak dan komisi) | B7: =RAB!$B$21 -> 6570000
A8: Margin nett terhadap harga | B8: =RAB!$B$22 -> 0.438
A9: Status margin | B9: =RAB!$B$25 -> Capai target 40%
A10: Harga untuk margin nett 30% | B10: =RAB!$B$29 -> 11443299
A11: Harga untuk margin nett 35% | B11: =RAB!$B$30 -> 12518797
A12: Harga untuk margin nett 40% | B12: =RAB!$B$31 -> 13817427
A13: Cek harga per layanan di proposal | B13: ='Harga Proposal'!F9 -> OK
A15: Catatan:
A16: 1. Klien: Bank Indonesia Kantor Pusat, acara JAMPURNAS (Jambore Pejuang Rupiah Nasional) 2026.
A17: 2. Tim: 1 juri dosen public speaking, 1 juri psikolog, 1 project manager (Galih 28 Okt 2026).
A18: 3. Fee juri tetap Rp2,5 juta per orang, sudah termasuk hari acara dan rubrik penilaian 46 karya. Tidak ada fee offline terpisah.
A19: 4. PM Rp2 juta dan administrasi Rp400rb ke Coreitera, sesuai kesepakatan.
A20: 5. TJ Non-PKP, jadi tidak ada PPN. PPh 23 2% dihitung sebagai biaya.
A21: 6. Tab 'Harga Proposal' masih draf dan satu-satunya angka yang boleh keluar ke BI.

Sheet Asumsi
A1: ASUMSI - BI JAMPURNAS 2026 (INTERNAL, bukan untuk klien). Sel biru = input.
A2: Asumsi | B2: Nilai | C2: Satuan | D2: Sumber / catatan
A3: Harga yang diajukan ke BI (total) | B3: 15000000 | C3: Rp | D3: Galih 28 Okt 2026: ajukan Rp15.000.000
A4: Status pajak Teman Journey (PKP / Non-PKP) | B4: Non-PKP | C4: - | D4: Dikonfirmasi 28 Okt 2026
A5: Tarif PPN efektif (hanya jika PKP) | B5: 0.11 | C5: % | D5: 12% x DPP nilai lain 11/12
A6: PPh 23 dipotong BI | B6: 0.02 | C6: % | D6: Sama dengan RAB Fit and Proper. Dihitung sebagai biaya (konservatif)
A7: Jumlah karya yang dinilai | B7: 46 | C7: karya | D7: Galih 28 Okt 2026: fee juri sudah termasuk penilaian 46 karya
A8: Fee juri dosen public speaking (tetap) | B8: 2500000 | C8: Rp/juri | D8: Galih 28 Okt 2026: fee tetap, termasuk hari acara dan rubrik penilaian 46 karya. Tidak ada fee offline terpisah
A9: Fee juri psikolog (tetap) | B9: 2500000 | C9: Rp/juri | D9: Galih 28 Okt 2026: fee tetap, termasuk hari acara dan rubrik penilaian 46 karya. Tidak ada fee offline terpisah
A10: Fee project manager | B10: 2000000 | C10: Rp/proyek | D10: Galih 28 Okt 2026: Rp2 juta untuk proyek ini, sesuai kesepakatan
A11: Biaya administrasi (dibayar ke Coreitera) | B11: 400000 | C11: Rp/proyek | D11: Galih 28 Okt 2026: Rp400rb ke Coreitera
A12: Komisi (% dari profit kotor) | B12: 0.1 | C12: % | D12: Sama dengan RAB Fit and Proper
A13: Batas bawah margin nett | B13: 0.35 | C13: % | D13: Margin Fit and Proper 35,6% diterima
A14: Target margin nett | B14: 0.4 | C14: % | D14: Galih menanyakan cara mencapai 40% (28 Okt 2026)

Sheet RAB
A1: RAB INTERNAL - BI JAMPURNAS 2026 (Kantor Pusat Bank Indonesia)
A2: Tim 3 orang: juri dosen public speaking, juri psikolog, project manager. Semua fee tetap per proyek, sesuai kesepakatan 28 Okt 2026.
A4: No | B4: Kategori | C4: Item biaya | D4: Qty | E4: Satuan | F4: Tarif | G4: Total | H4: Komponen proposal | I4: Jenis
A5: 1 | B5: Juri | C5: Juri dosen public speaking: hari acara + rubrik penilaian 46 karya | D5: 1 | E5: juri | F5: =Asumsi!$B$8 -> 2500000 | G5: =D5*F5 -> 2500000 | H5: 1 | I5: Honor
A6: 2 | B6: Juri | C6: Juri psikolog: hari acara + rubrik penilaian 46 karya | D6: 1 | E6: juri | F6: =Asumsi!$B$9 -> 2500000 | G6: =D6*F6 -> 2500000 | H6: 2 | I6: Honor
A7: 3 | B7: Koordinasi | C7: Project manager | D7: 1 | E7: proyek | F7: =Asumsi!$B$10 -> 2000000 | G7: =D7*F7 -> 2000000 | H7: 3 | I7: Honor
A8: 4 | B8: Operasional | C8: Biaya administrasi (Coreitera) | D8: 1 | E8: proyek | F8: =Asumsi!$B$11 -> 400000 | G8: =D8*F8 -> 400000 | H8: Overhead | I8: Langsung
F9: Jumlah Biaya | G9: =SUM(G5:G8) -> 7400000
F10: Biaya juri per karya | G10: =(G5+G6)/Asumsi!$B$7 -> 108695.65
A12: PENDAPATAN DAN PROFIT
A13: NILAI AKHIR (harga diajukan ke BI) | B13: =Asumsi!$B$3 -> 15000000
A14: PPN terutang (0 jika Non-PKP) | B14: =IF(Asumsi!$B$4="PKP",B13-B13/(1+Asumsi!$B$5),0) -> 0
A15: Pendapatan bersih PPN (DPP) | B15: =B13-B14 -> 15000000
A16: PPh 23 dipotong BI | B16: =B15*Asumsi!$B$6 -> 300000
A17: AFTER PAJAK | B17: =B15-B16 -> 14700000
A18: Jumlah Biaya | B18: =RAB!$G$9 -> 7400000
A19: AFTER COST (profit kotor) | B19: =B17-B18 -> 7300000
A20: Komisi | B20: =MAX(0,B19*Asumsi!$B$12) -> 730000
A21: PROFIT NETT | B21: =B19-B20 -> 6570000
A22: Margin nett terhadap harga | B22: =B21/B13 -> 0.438
A23: Markup harga (DPP) terhadap biaya | B23: =B15/RAB!$G$9-1 -> 1.027027
A24: Harga / biaya | B24: =B13/RAB!$G$9 -> 2.027027
A25: Status margin | B25: =IF(B22>=Asumsi!$B$14,"Capai target 40%",IF(B22>=Asumsi!$B$13,"Dalam rentang 35-40%","Di bawah 35%")) -> Capai target 40%
A27: HARGA UNTUK MARGIN NETT TARGET (Non-PKP, setelah PPh 23 dan komisi)
A28: Margin nett | B28: Harga ke BI | C28: Profit nett | D28: Harga / biaya
A29: 0.3 | B29: =(1-Asumsi!$B$12)*RAB!$G$9/((1-Asumsi!$B$6)*(1-Asumsi!$B$12)-A29) -> 11443299 | C29: =A29*B29 -> 3432989.7 | D29: =B29/RAB!$G$9 -> 1.5463918
A30: 0.35 | B30: =(1-Asumsi!$B$12)*RAB!$G$9/((1-Asumsi!$B$6)*(1-Asumsi!$B$12)-A30) -> 12518797 | C30: =A30*B30 -> 4381578.9 | D30: =B30/RAB!$G$9 -> 1.6917293
A31: 0.4 | B31: =(1-Asumsi!$B$12)*RAB!$G$9/((1-Asumsi!$B$6)*(1-Asumsi!$B$12)-A31) -> 13817427 | C31: =A31*B31 -> 5526971 | D31: =B31/RAB!$G$9 -> 1.8672199

Sheet Harga Proposal
A1: HARGA PER LAYANAN UNTUK PROPOSAL (DRAF, harga jual bukan biaya). Sel biru = harga yang ditulis di proposal.
A2: Total harus sama dengan harga yang diajukan. Overhead dibagi ke tiap layanan sesuai porsi biaya langsungnya.
A4: No | B4: Layanan (bahasa proposal) | C4: Volume | D4: Satuan | E4: Harga satuan | F4: Jumlah | G4: Biaya langsung | H4: Biaya + porsi overhead | I4: Harga / biaya
A5: 1 | B5: Juri dosen public speaking: penilaian 46 karya dan penjurian di hari acara | C5: 1 | D5: paket | E5: 6000000 | F5: =C5*E5 -> 6000000 | G5: =SUMIF(RAB!$H$5:$H$8,A5,RAB!$G$5:$G$8) -> 2500000 | H5: =G5+G5/SUM($G$5:$G$7)*SUMIF(RAB!$H$5:$H$8,"Overhead",RAB!$G$5:$G$8) -> 2642857.1 | I5: =F5/H5 -> 2.2702703
A6: 2 | B6: Juri psikolog: penilaian 46 karya dan penjurian di hari acara | C6: 1 | D6: paket | E6: 6000000 | F6: =C6*E6 -> 6000000 | G6: =SUMIF(RAB!$H$5:$H$8,A6,RAB!$G$5:$G$8) -> 2500000 | H6: =G6+G6/SUM($G$5:$G$7)*SUMIF(RAB!$H$5:$H$8,"Overhead",RAB!$G$5:$G$8) -> 2642857.1 | I6: =F6/H6 -> 2.2702703
A7: 3 | B7: Manajemen program dan pendampingan acara | C7: 1 | D7: paket | E7: 3000000 | F7: =C7*E7 -> 3000000 | G7: =SUMIF(RAB!$H$5:$H$8,A7,RAB!$G$5:$G$8) -> 2000000 | H7: =G7+G7/SUM($G$5:$G$7)*SUMIF(RAB!$H$5:$H$8,"Overhead",RAB!$G$5:$G$8) -> 2114285.7 | I7: =F7/H7 -> 1.4189189
B8: TOTAL | F8: =SUM(F5:F7) -> 15000000 | G8: =SUM(G5:G7) -> 7000000 | H8: =SUM(H5:H7) -> 7400000 | I8: =F8/H8 -> 2.027027
B9: Cek: total = harga diajukan | F9: =IF(F8=Asumsi!$B$3,"OK","TIDAK SAMA") -> OK
